Compound number (#)	RT (min)	Scan number (#)	Area (Ab*s)	Baseline Heigth (Ab)	Absolute Heigth (Ab)	Peak Width 50% (min)	Hit Number	Hit Name	Quality	Mol Weight (amu)	CAS Number	Library	Entry Number Library
1	1,306	235	2346309	61103	62622	0,052	1	Acetic acid, sodium salt $$ Sodium acetate	47	82,003	000127-09-3	C:\Database\W10N11_Full.L	3679
							2	Hydroperoxide, 1-methylethyl $$ (CH3)2CHOOH $$ 2-(dioxidanyl)propane $$ 2-hydroperoxypropane $$ ISOPROPYL HYDROPEROXIDE	38	76,052	003031-75-2	C:\Database\W10N11_Full.L	3141
							3	Methyl Isobutyl Ketone $$ 2-Pentanone, 4-methyl- $$ Hexone $$ Isobutyl methyl ketone $$ Isopropylacetone $$ MIBK $$ MIK $$ 2-Methyl-4-pentanone $$ 2-Methylpropyl methyl ketone $$ 4-Methyl-2-oxopentane $$ 4-Methyl-2-pentanone $$ iso-C4H9COCH3	23	100,089	000108-10-1	C:\Database\W10N11_Full.L	11615
2	1,449	265	1090494	36545	38236	0,042	1	Butanenitrile, 2,4,4-trimethoxy- $$ 2,4,4-TRIMETHOXYBUTANENITRILE	64	159,09	112890-36-5	C:\Database\W10N11_Full.L	92181
							2	Propanoic acid, 2-methyl-, tert-butyldimethylsilyl ester $$ tert-Butyl(dimethyl)silyl 2-methylpropanoate $$ tert-Butyl(dimethyl)silyl 2-methylpropanoate (computer-generated name)	38	202,139	111864-21-2	C:\Database\W10N11_Full.L	203935
							3	SILANOL, (1,1-DIMETHYLETHYL)DIMETHYL- $$ SILANOL, TERT-BUTYLDIMETHYL- $$ tert-butyl-dimethyl-oxidanyl-silane $$ TERT-BUTYL-DIMETHYL-SILANOL $$ tert-butyl-hydroxy-dimethyl-silane	38	132,097	018173-64-3	C:\Database\W10N11_Full.L	41939
3	1,515	279	861902	23345	25124	0,048	1	3-Buten-2-one $$ .delta.(SUP 3)-2-BUTENONE $$ .gamma.-OXO-.alpha.-BUTYLENE $$ 1-BUTEN-3-ONE $$ 1-PROPEN-3-ONE $$ 2-BUTENONE $$ 3-BUTEN-2-ON $$ 3-BUTENE-2-ONE $$ 3-BUTENONE-2 $$ 3-OXO-1-BUTENE $$ 3-OXOBUTENE $$ ACETONE, METHYLENE- $$ ACETYL ETHYLENE	53	70,042	000078-94-4	C:\Database\W10N11_Full.L	1711
							2	Cyclopropane, 1,1-dimethyl- $$ 1,1-Dimethylcyclopropane $$ gem-Dimethylcyclopropane	50	70,078	001630-94-0	C:\Database\W10N11_Full.L	1876
							3	2-Pentene, (Z)- $$ (2Z)-2-PENTENE $$ (2E)-2-PENTENE $$ (E)-2-PENTENE $$ (E)-pent-2-ene $$ (Z)-2-PENTENE $$ (Z)-PENT-2-ENE $$ .beta.-AMYLENE-CIS $$ .beta.-N-AMYLENE $$ 2-(E)-C5H10 $$ 2-(Z)-C5H10 $$ 2-PENTENE $$ 2-PENTENE, (2E)- $$ 2-PENTENE, (2Z)-	49	70,078	000627-20-3	C:\Database\W10N11_Full.L	1881
4	2,263	436	239260	15389	18093	0,025	1	2-Methyl-2,3-divinyloxirane	55	110,073	070597-50-1	C:\Database\W10N11_Full.L	17572
							2	1-Cyclohexene-1-carboxaldehyde $$ .delta.1-TETRAHYDROBENZALDEHYDE $$ 1-CYCLOHEXEN-1-AL $$ 1-cyclohexene-1-carbaldehyde $$ 1-CYCLOHEXENECARBOXALDEHYDE $$ 1-CYCLOHEXENYLALDEHYDE $$ 1-FORMYL-1-CYCLOHEXENE $$ 1-FORMYL-CYCLOHEXENE	53	110,073	001192-88-7	C:\Database\W10N11_Full.L	17431
							3	3-Heptyne, 7-chloro- $$ 7-chloranylhept-3-yne $$ 7-CHLORO-3-HEPTYNE $$ 7-chlorohept-3-yne	53	130,055	051575-85-0	C:\Database\W10N11_Full.L	39189
5	3,068	605	12035389	764599	766189	0,025	1	Cyclotrisiloxane, hexamethyl- (CAS) $$ 1,1,3,3,5,5-HEXAMETHYL-CYCLOHEXASILOXANE $$ Hexamethylcyclotrisiloxane $$ HEXAMETHYL-CYCLOTRISILOXANE $$ Dimethylsiloxane cyclic trimer $$ CH7260 $$ 2,2,4,4,6,6-Hexamethyl-1,3,5,2,4,6-trioxatrisilinane	91	222,056	000541-05-9	C:\Database\W10N11_Full.L	264636
							2	1H-Isoindole-1,3(2H)-dithione, 2-ethyl- $$ 2-ethyl-1H-isoindole-1,3(2H)-dithione $$ N-ETHYL-1,3-DITHIOISOINDOLINE	86	207,018	035373-06-9	C:\Database\W10N11_Full.L	219865
							3	2,4,6-Cycloheptatrien-1-one, 3,5-bis-trimethylsilyl- $$ 3,5-Bis(trimethylsilyl)-2,4,6-cycloheptatrien-1-one #	78	250,121	2000356-38-4	C:\Database\W10N11_Full.L	356384
6	6,396	1304	842921	43977	45514	0,03	1	1,6-Octadiene, 7-methyl-3-methylene- $$ 7-methyl-3-methylene-1,6-octa-diene $$ .beta.-myrcene $$ 2-ethenyl-6-methyl-1,5-hepta-diene (BAD name in Reed) $$ 2-ETHENYL-6-METHYL-1,5-HEPTADIENE $$ 2-Methyl-6-methylene-2,7-octadiene $$ b-Geraniolene	97	136,125	000123-35-3	C:\Database\W10N11_Full.L	48617
							2	1,3,6-Octatriene, 3,7-dimethyl-, (E)- $$ (3E)-3,7-DIMETHYL-1,3,6-OCTATRIENE $$ (3E)-3,7-dimethylocta-1,3,6-triene $$ (E)-3,7-DIMETHYLOCTA-1,3,6-TRIENE $$ (E)-Ocimene $$ - $$ .beta. OCIMENE Y $$ .beta.-(E)-OCIMENE $$ .beta.-CIS-OCIMENE $$ OCIMENE-X	58	136,125	003779-61-1	C:\Database\W10N11_Full.L	48233
							3	2(10)-Pinene $$ Bicyclo[3.1.1]heptane, 6,6-dimethyl-2-methylene- $$ (+)-.beta.-PINEN $$ (-)-.beta.-PINEN $$ (-)-PIN-2(10)-ENE $$ (1)-6,6-DIMETHYL-2-METHYLENEBICYCLO(3.1.1)HEPTANE $$ (1S)-(-)-.beta.-PINENE $$ .beta.-l-Pinene $$ .beta.-Pinene	53	136,125	000127-91-3	C:\Database\W10N11_Full.L	48705
7	6,582	1343	5619470	313427	315391	0,028	1	Cyclotetrasiloxane, octamethyl- $$ 2,2,4,4,6,6,8,8-OCTAMETHYL-1,3,5,7,2,4,6,8-TETRAOXATETRASILOCANE $$ 1,1,3,3,5,5,7,7 -octamethyl-cyclo-octa-siloxane $$ 2,2,4,4,6,6,8,8-OCTAMETHYL-[1,3,5,7,2,4,6,8]TETROXATETRASILOCANE $$ KF 994 $$ OMCTS $$ CO9810	78	296,075	000556-67-2	C:\Database\W10N11_Full.L	501770
							2	7-METHYL-7H-DIBENZO[B,G]CARBAZOLE $$ 7H-DIBENZO[B,G]CARBAZOLE, 7-METHYL-	64	281,12	003557-49-1	C:\Database\W10N11_Full.L	457558
							3	2',6'-Dihydroxyacetophenone, bis(trimethylsilyl) ether	56	296,126	2000502-67-8	C:\Database\W10N11_Full.L	502678
8	6,944	1419	706866	39650	41951	0,028	1	1(2H)-Pentalenone, hexahydro-5-methyl-4-methylene- $$ 5-Methyl-4-methylenehexahydro-1(2H)-pentalenone #	49	150,104	120587-85-1	C:\Database\W10N11_Full.L	72880
							2	7a-Methyl-1,2,5,6,7,7a-hexahydroinden-4-one $$ 7a-methyl-1,2,5,6,7,7a-hexahydro-4H-inden-4-one $$ 7a-methyl-2,5,6,7-tetrahydro-1H-inden-4-one	46	150,104	2000072-93-5	C:\Database\W10N11_Full.L	72935
							3	6-Butyl-1,4-cycloheptadiene	43	150,141	022735-58-6	C:\Database\W10N11_Full.L	73179
9	7,22	1477	255527	13523	15238	0,027	1	Cyclohexene, 1-methyl-4-(1-methylethenyl)-, (S)- $$ p-Mentha-1,8-diene, (S)-(-)- $$ 4-ISOPROPENYL-1-METHYL-1-CYCLOHEXENE $$ "inactive limonene" $$ $ (-)-LIMONENE $$ (+)-(4R)-LIMONENE $$ (+)-(R)-LIMONENE $$ (+)-4-ISOPROPENYL-1-METHYLCYCLOHEXENE	72	136,125	005989-54-8	C:\Database\W10N11_Full.L	48774
							2	Cyclohexene, 1-methyl-4-(1-methylethenyl)- $$ p-Mentha-1,8-diene $$ "inactive limonene" $$ $ (-)-LIMONENE $$ ''inactive limonene'' $$ (+)-(4R)-LIMONENE $$ (+)-(R)-LIMONENE $$ (+)-4-ISOPROPENYL-1-METHYLCYCLOHEXENE $$ (+)-LIMONEN $$ (+)-LIMONENE	72	136,125	000138-86-3	C:\Database\W10N11_Full.L	48769
							3	4-ISOPROPENYL-1-METHYL-1-CYCLOHEXENE $$ "inactive limonene" $$ $ (-)-LIMONENE $$ (+)-(4R)-LIMONENE $$ (+)-(R)-LIMONENE $$ (+)-4-ISOPROPENYL-1-METHYLCYCLOHEXENE $$ (+)-LIMONEN $$ (+)-LIMONENE $$ (+)-P-MENTHA-1,8-DIENE $$ (+-)-.alpha.-LIMONENE $$ EC 7	53	136,125	005989-27-5	C:\Database\W10N11_Full.L	48763
10	7,415	1518	3824285	229612	231972	0,026	1	1,3,6-Octatriene, 3,7-dimethyl-, (E)- $$ (3E)-3,7-DIMETHYL-1,3,6-OCTATRIENE $$ (3E)-3,7-dimethylocta-1,3,6-triene $$ (E)-3,7-DIMETHYLOCTA-1,3,6-TRIENE $$ (E)-Ocimene $$ - $$ .beta. OCIMENE Y $$ .beta.-(E)-OCIMENE $$ .beta.-CIS-OCIMENE $$ OCIMENE-X	97	136,125	003779-61-1	C:\Database\W10N11_Full.L	48230
							2	1,3,7-Octatriene, 3,7-dimethyl-, (E)- $$ (3E)-3,7-DIMETHYL-1,3,7-OCTATRIENE $$ (3E)-3,7-dimethylocta-1,3,7-triene $$ .alpha.-OCIMENE $$ 1,3,7-OCTATRIENE, 3,7-DIMETHYL- $$ 2,6-DIMETHYL-1,5,7-OCTATRIENE $$ 3,7-DIMETHYL-1,3,7-OCTATRIENE $$ CIS-OCIMENE	97	136,125	006874-10-8	C:\Database\W10N11_Full.L	48752
							3	.DELTA. 3 CARENE $$ (+)-3-CAREN $$ (+-)-3-CARENE $$ (+-)-DELTA3-CARENE $$ .delta.(SUP3)-CARENE $$ 2-ACETYL-5-CHLOROMETHYL-ISOXAZOLIDIN-3-ONE $$ 3,7,7-trimethyl-3-norcarene (?) $$ 3,7,7-trimethyl-bicyclo -[4.1.0]- hept-3-ene $$ 3-carene $$ 3-KAREN	93	136,125	013466-78-9	C:\Database\W10N11_Full.L	48570
11	7,639	1565	190020724	11207033	11214168	0,027	1	1,3,6-Octatriene, 3,7-dimethyl-, (E)- $$ (3E)-3,7-DIMETHYL-1,3,6-OCTATRIENE $$ (3E)-3,7-dimethylocta-1,3,6-triene $$ (E)-3,7-DIMETHYLOCTA-1,3,6-TRIENE $$ (E)-Ocimene $$ - $$ .beta. OCIMENE Y $$ .beta.-(E)-OCIMENE $$ .beta.-CIS-OCIMENE $$ OCIMENE-X	98	136,125	003779-61-1	C:\Database\W10N11_Full.L	48227
							2	.beta.-Ocimene $$ 1,3,6-Octatriene, 3,7-dimethyl- $$ Ocimene $$ 3,7-Dimethyl-1,3,6-octatriene $$ beta-Ocimene	97	136,125	013877-91-3	C:\Database\W10N11_Full.L	48225
							3	1,3,6-Octatriene, 3,7-dimethyl-, (Z)- $$ .beta.-cis-Ocimene $$ cis-.beta.-Ocimene $$ cis-3,7-Dimethyl-1,3,6-octatriene $$ Ocimene, cis-.beta.- $$ (Z)-Ocimene $$ cis-Ocimene $$ (3Z)-3,7-Dimethyl-1,3,6-octatriene $$ .beta.-Ocimene, (Z)-	96	136,125	003338-55-4	C:\Database\W10N11_Full.L	48238
12	8,049	1651	641567403	22173325	22185364	0,039	1	1-phenyl-ethanone $$ acetophenone1-phenyl-ethanone $$ acetophenone1-phenyl-ethanone aceto-benzene acetyl-benzenebenzoyl methide hypnonemethyl phenyl ketone $$ Ethanone, 1-phenyl- $$ .alpha.-Acetophenone $$ 1-Phenyl-1-ethanone $$ aceto-benzene	97	120,058	000098-86-2	C:\Database\W10N11_Full.L	27501
13	8,192	1681	651974	30345	51598	0,031	1	1-phenyl-ethanone $$ acetophenone1-phenyl-ethanone $$ acetophenone1-phenyl-ethanone aceto-benzene acetyl-benzenebenzoyl methide hypnonemethyl phenyl ketone $$ Ethanone, 1-phenyl- $$ .alpha.-Acetophenone $$ 1-Phenyl-1-ethanone $$ aceto-benzene	70	120,058	000098-86-2	C:\Database\W10N11_Full.L	27485
							2	Benzene, 1-ethyl-3-methyl- $$ 1,3-METHYLETHYLBENZENE $$ 1-ethyl-3-methyl-benzene $$ 1-Methyl-3-ethylbenzene $$ 3-ethyl-toluene $$ 3-ETHYLMETHYLBENZENE $$ BENZENE, 3-ETHYL-1-METHYL- $$ m-ethyl-toluene $$ m-Ethylmethylbenzene $$ m-Methylethylbenzene	30	120,094	000620-14-4	C:\Database\W10N11_Full.L	27837
14	8,601	1767	247996593	14095998	14104729	0,027	1	Benzoic acid, methyl ester $$ Methyl benzoate $$ Clorius $$ Methyl benzenecarboxylate $$ Niobe oil $$ Oil of Niobe $$ Essence of niobe $$ Methylester kyseliny benzoove $$ Oxidate le $$ UN 2938 $$ Methyl ester of benzoic acid $$ Oniobe oil	95	136,052	000093-58-3	C:\Database\W10N11_Full.L	46844
							2	Benzoic acid, hydrazide $$ Benzhydrazide $$ Benzohydrazide $$ Benzohydrazine $$ Benzoic hydrazide $$ Benzoyl hydrazide $$ Benzoylhydrazine $$ Hydrazine, benzoyl- $$ NSC 644 $$ Hydrazid kyseliny benzoove $$ Benzenecarboxylic acid hydrazide	91	136,064	000613-94-5	C:\Database\W10N11_Full.L	46615
							3	Vinyl benzoate $$ Benzoic acid vinyl ester $$ Benzoic acid, ethenyl ester $$ Vinylester kyseliny benzoove	50	148,052	000769-78-8	C:\Database\W10N11_Full.L	67975
15	8,682	1784	111860393	6882443	6891361	0,026	1	LINALOOL L $$ (+-)-LINALOOL $$ (.+-.)-LINALOOL $$ (1)-3,7-DIMETHYL-1,6-OCTADIEN-3-OL $$ .beta.-LINALOOL $$ 1,6-OCTADIEN-3-OL, 3,7-DIMETHYL-, (-)- $$ 1,6-OCTADIEN-3-OL, 3,7-DIMETHYL-, (.+-.)- $$ 1,6-OCTADIEN-3-OL, 3,7-DIMETHYL-, (.+/-.)- $$ LINALOL	94	154,136	000078-70-6	C:\Database\W10N11_Full.L	81917
							2	VETIVEROL $$ 1,2,3,3A,4,5,6,8A-OCTAHYDRO-2-ISOPROPYLIDENE-4,8-DIMETHYLAZULEN-6-OL $$ 2-isopropylidene-4,8-dimethyl-3,3a,4,5,6,8a-hexahydro-1H-azulen-6-ol $$ 4,8-dimethyl-2-(1-methylethylidene)-1,2,3,3a,4,5,6,8a-octahydro-6-azulenol	76	220,183	000089-88-3	C:\Database\W10N11_Full.L	261560
							3	1,4-Cyclohexadiene, 1-methyl-4-(1-methylethyl)- $$ p-Mentha-1,4-diene $$ 1-ISOPROPYL-4-METHYL-1,4-CYCLOHEXADIENE $$ .gamma.-Terpinen $$ .gamma.-Terpinene $$ .gamma.-Terpinene[1-isopropyl-4-methyl-1,4-cyclohexadiene] $$ 1,4-p-Menthadiene $$ Crithmene	74	136,125	000099-85-4	C:\Database\W10N11_Full.L	48875
16	8,768	1802	2130375	61809	70927	0,046	1	Nonanal $$ n-Nonaldehyde $$ n-Nonanal $$ n-Nonylaldehyde $$ Nonaldehyde $$ Nonanaldehyde $$ Nonanoic aldehyde $$ Nonylaldehyde $$ Nonylic aldehyde $$ Pelargonaldehyde $$ Pelargonic aldehyde $$ 1-Nonanal $$ Aldehyde C-9 $$ NCI-C61018 $$ 1-Nonaldehyde	30	142,136	000124-19-6	C:\Database\W10N11_Full.L	58782
							2	Oxirane, octyl- (CAS) $$ 1,2-Epoxydecane $$ 2-Octyloxirane $$ 2-Octyloxirane (computer-generated name) $$ Decane, 1,2-epoxy- (CAS) $$ 2-OCTYLOXIRANE # $$ 1,2-Decylene oxide $$ 1-Decene epoxide $$ 1-Decene oxide $$ AI3-14198 $$ CCRIS 2615	27	156,151	002404-44-6	C:\Database\W10N11_Full.L	87099
							3	Hex-4-enylamine $$ (4E)-4-Hexen-1-amine #	22	99,105	055108-01-5	C:\Database\W10N11_Full.L	10610
17	9,23	1899	509595	22465	32652	0,032	1	2,4,6-Octatriene, 2,6-dimethyl-, (E,Z)- $$ (4E,6Z)-2,6-Dimethyl-2,4,6-octatriene $$ (4E,6Z)-allo-Ocimene $$ Neo-allo-ocimene $$ (E,Z)-2,6-Dimethylocta-2,4,6-triene $$ 4-trans,6-cis-Allocimene	95	136,125	007216-56-0	C:\Database\W10N11_Full.L	48134
							2	2,4,6-Octatriene, 2,6-dimethyl- $$ Alloocimene $$ (4E,6E)-2,6-DIMETHYL-2,4,6-OCTATRIENE $$ (4E,6E)-2,6-dimethylocta-2,4,6-triene $$ (E,E)-2,6-DIMETHYL-2,4,6-OCTATRIENE $$ 2,6-DIMETHYL-2,4,6-OCTATRIENE $$ 2,6-DIMETHYLOCTA-2,4,6-TRIENE $$ Ocimene	95	136,125	000673-84-7	C:\Database\W10N11_Full.L	48148
							3	1,3,6-OCTATRIENE, 3,7-DIMETHYL- $$ (4E,6Z)-2,6-DIMETHYL-2,4,6-OCTATRIENE $$ (4E,6Z)-2,6-dimethylocta-2,4,6-triene $$ (4E,6Z)-ALLOCIMENE $$ (4E,6Z)-ALLOOCIMENE $$ (E,Z)-2,6-DIMETHYLOCTA-2,4,6-TRIENE $$ .beta.-OCIMENE $$ .beta.-OCIMENE-X $$ OCIMENE	90	136,125	013877-91-3	C:\Database\W10N11_Full.L	48128
18	9,715	2001	1292615	78920	87371	0,026	1	Cyclopentasiloxane, decamethyl- $$ Decamethylcyclopentasiloxane $$ Dimethylsiloxane pentamer $$ Dekamethylcyklopentasiloxan $$ CD3770 $$ D3770 $$ Decamethylcylopentasiloxane	91	370,094	000541-02-6	C:\Database\W10N11_Full.L	699587
							2	3,4-Dihydroxybenzyl alcohol,tris(trimethylsilyl)- $$ ((3,4-Bis[(trimethylsilyl)oxy]benzyl)oxy)(trimethyl)silane #	70	356,166	068595-79-9	C:\Database\W10N11_Full.L	669013
							3	Benzoic acid, 2,6-bis[(trimethylsilyl)oxy]-, trimethylsilyl ester $$ Trimethylsilyl 2,6-bis[(trimethylsilyl)oxy]benzoate # $$ 2,6-Dihydroxybenzoic acid, bis(trimethylsilyl) ether, trimethylsilyl ester $$ Benzoic acid, 2,6-dihydroxy, tri-TMS	47	370,145	003782-85-2	C:\Database\W10N11_Full.L	700051
19	9,858	2031	14561077	894138	904376	0,025	1	Acetophenone, 2'-hydroxy- $$ Ethanone, 1-(2-hydroxyphenyl)- $$ 1-(2-HYDROXYPHENYL)-ETHANONE $$ 1-hydroxy-2-acetylbenzene $$ 2'-Hydroxyacetophenone $$ 2-Acetylphenol $$ 2-HYDROXY ACETOPHENONE $$ 2-HYDROXYACETOPHENON $$ 2-HYDROXYPHENYL METHYL KETONE	97	136,052	000118-93-4	C:\Database\W10N11_Full.L	46744
							2	Acetophenone, 4'-hydroxy- $$ Ethanone, 1-(4-hydroxyphenyl)- $$ 1-(4-Hydroxyphenyl)ethanone $$ 4'-Hydroxyacetophenone $$ 4-ACETOPHENOL $$ 4-Acetylphenol $$ 4-Hydroksyacetofenol $$ 4-hydroxy-acetophenone $$ 4-HYDROXYACETOPHENON $$ p-Acetylphenol	94	136,052	000099-93-4	C:\Database\W10N11_Full.L	46880
20	10,02	2065	343009	19299	31622	0,025	1	Benzoic acid, ethyl ester (CAS) $$ Ethyl benzoate $$ Benzoic acid ethyl ester $$ Ethyl benzenecarboxylate $$ Benzoic ether $$ Essence of niobe $$ Ethylester kyseliny benzoove $$ Ethyl benzoate $$ AI3-01352 $$ AIDS-018030 $$ BENZOIC ACID, ETHYL ESTE	64	150,068	000093-89-0	C:\Database\W10N11_Full.L	71515
							2	2-Chloroethyl benzoate $$ Benzoic acid 2-chloroethyl ester $$ Ethanol, 2-chloro-, benzoate	50	184,029	000939-55-9	C:\Database\W10N11_Full.L	153223
							3	Benzhydrazide, N2-(2,5-dioxopyrrolidin-3-yl)- $$ N'-(2,5-Dioxo-3-pyrrolidinyl)benzohydrazide #	47	233,08	2000301-27-4	C:\Database\W10N11_Full.L	301274
21	10,206	2104	267000	15371	23281	0,029	1	5-Cyclooctene-1,2-dione, dihydrazone, (?,?,Z)-	50	166,122	075627-03-1	C:\Database\W10N11_Full.L	106994
							2	5-Cyclooctene-1,2-dione, dihydrazone $$ (1E,2E)-5-cyclooctene-1,2-dione dihydrazone $$ (5Z)-cyclooct-5-ene-1,2-dione hydrazone $$ (E)-[(4Z,8E)-8-diazanylidenecyclooct-4-en-1-ylidene]diazane $$ CYCLOOCT-(5Z)-ENE-1,2-DIONE DIHYDRAZONE	50	166,122	068177-01-5	C:\Database\W10N11_Full.L	107002
							3	1-Methyl-2-methylene-4-isopropenylcyclohexane $$ 1-methyl-2-methylene-4-(1-methylethenyl)cyclohexane $$ 1-methyl-2-methylidene-4-prop-1-en-2-yl-cyclohexane $$ 4-isopropenyl-1-methyl-2-methylene-cyclohexane	46	150,141	125673-03-2	C:\Database\W10N11_Full.L	73164
22	10,315	2127	685283	30738	39166	0,031	1	Butanoic acid, 3-hexenyl ester, (Z)- $$ Butyric acid, 3-hexenyl ester, (Z)- $$ cis-Butyric acid, 3-hexenyl ester $$ cis-3-Hexen-1-yl butyrate $$ cis-3-Hexenyl butyrate $$ cis-3-Hexenyl n-butyrate $$ (3Z)-3-Hexenyl butyrate $$ 3(Z)-Hexenyl butanoate	59	170,131	016491-36-4	C:\Database\W10N11_Full.L	119758
							2	Z-3-hexenyl butanoate $$ (3Z)-3-HEXENYL BUTYRATE $$ (Z)-3-HEXENYL BUTYRATE $$ (Z)-HEX-3-ENYL BUTYRATE $$ 3-HEXENYL BUTANOATE, (Z)- $$ 3-HEXENYL BUTANOATE, CIS- $$ 3-HEXENYL BUTYRATE $$ 3-HEXENYL BUTYRATE, (Z)- $$ 3-HEXENYL BUTYRATE, CIS-	59	170,131	2000119-75-6	C:\Database\W10N11_Full.L	119756
							3	1,5,7-Octatrien-3-ol, 3,7-dimethyl-, (E)-(R)-(-)- $$ 1,5,7-Octatrien-3-ol, 3,7-dimethyl-, [R-(E)]- $$ (-)-TRANS-KHOTRIENOL $$ (5E)-3,7-Dimethyl-1,5,7-octatrien-3-ol $$ (5E)-3,7-dimethyl-3-octa-1,5,7-trienol $$ (5E)-3,7-dimethylocta-1,5,7-trien-3-ol	47	152,12	020053-88-7	C:\Database\W10N11_Full.L	78199
23	10,454	2156	1283378	39924	48985	0,045	1	Benzoic acid, 2-hydroxy-, methyl ester $$ Salicylic acid, methyl ester $$ 2 -hydroxy-benzoic acid methyl ester $$ 2-(Methoxycarbonyl)phenol $$ 2-Carbomethoxyphenol $$ 5-METHOXYCARBONYL-2-NORBORNENE $$ Analgit $$ Anthrapole ND $$ Betula $$ Betula oil	60	152,047	000119-36-8	C:\Database\W10N11_Full.L	75577
24	10,592	2185	1759047	100595	110299	0,027	1	Decanal $$ 1-DECANAL $$ 1-DECANAL (MIXED ISOMERS) $$ 1-DECYL ALDEHYDE $$ 3,4-DIHYDRO-5,7-DIHYDROXY-2H-1-BENZOPYRAN-3-YL 3,4-DIHYDROXYBENZOATE $$ ALDEHYDE C10 $$ C-10 ALDEHYDE $$ CAPRALDEHYDE $$ CAPRIC ALDEHYDE $$ CAPRINALDEHYDE $$ CAPRINIC ALDEHYDE	91	156,151	000112-31-2	C:\Database\W10N11_Full.L	87253
							2	Dodecanal $$ 1-DODECANAL $$ 1-DODECYL ALDEHYDE $$ ALDEHYDE C-12 $$ ALDEHYDE C-12, LAURIC $$ C-12 ALDEHYDE, LAURIC $$ C12 ALDEHYDE $$ DODECANA $$ DODECANALDEHYDE $$ DODECYL ALDEHYDE $$ DUODECYLIC ALDEHYDE $$ LAURALDEHYDE $$ LAURIC ALDEHYDE	49	184,183	000112-54-9	C:\Database\W10N11_Full.L	155662
							3	1,2-Cyclohexanedione $$ 1,2-Dioxocyclohexane $$ Cyclohexane-1,2-dione $$ 1,2-Cyclohexadione	43	112,052	000765-87-7	C:\Database\W10N11_Full.L	18828
25	11,154	2303	321736	16445	25948	0,03	1	3-Buten-1-ol, 3-methyl-2-methylene- $$ 3-Methyl-2-methylene-3-buten-1-ol #	38	98,073	026431-13-0	C:\Database\W10N11_Full.L	9837
							2	2,6-Epoxy[2]benzothieno[5,6-b]oxirene, octahydro-, 4,4-dioxide $$ 9,11-DIOXA-4-THIATETRACYCLO[5.3.1.0(2,6).0(8,10)]UNDECANE 4,4-DIOXIDE	35	202,03	092688-91-0	C:\Database\W10N11_Full.L	202864
							3	(all-Z)-methyl 5,8,11,14-eicosa-tetraen-oic acid, methyl ester $$ 5,8,11,14-Eicosatetraenoic acid, methyl ester, (all-Z)- $$ METHYL (5E,8E,11E,14E)-5,8,11,14-ICOSATETRAENOATE $$ (5Z,8Z,11Z,14Z)-eicosa-5,8,11,14-tetraenoic acid methyl ester	22	318,256	002566-89-4	C:\Database\W10N11_Full.L	572063
26	11,611	2399	42664604	2828843	2837624	0,024	1	3,5-Dimethoxytoluene $$ Benzene, 1,3-dimethoxy-5-methyl- $$ Orcinol dimethyl ether $$ Toluene, 3,5-dimethoxy- $$ 1,3-Dimethoxy-5-methylbenzene $$ 5-Methylresorcinol dimethyl ether	98	152,084	004179-19-5	C:\Database\W10N11_Full.L	76402
							2	Toluene, 3,5-dimethoxy- $$ TOLUOL, 3,5-DIMETHOXY-	93	152,084	2000076-40-0	C:\Database\W10N11_Full.L	76400
							3	1,3-Dimethoxy-5-methylbenzene	83	152,084	2000076-40-8	C:\Database\W10N11_Full.L	76408
27	11,706	2419	1404211	55235	63869	0,036	1	(2S-cis)-2-methyl-5-(1-methylethenyl)-cyclohexanone $$ Cyclohexanone, 2-methyl-5-(1-methylethenyl)-, (2S-cis)- $$ p-Menth-8-en-2-one, (1S,4R)- $$ (+)-ISODIHYDROCARVONE $$ (1S,4R)-(+)-iso-dihydro-carvone $$ (1S,4R)-p-menth-8-en-2-one	41	152,12	006909-25-7	C:\Database\W10N11_Full.L	76841
							2	3-Octyne $$ Butylethylacetylene $$ Ethylbutylacetylene $$ 1-Ethyl-2-butylacetylene $$ C4H9C.$.CC2H5	38	110,11	015232-76-5	C:\Database\W10N11_Full.L	17871
							3	Cyclohexanone, 2-methyl-5-(1-methylethenyl)- $$ Cyclohexanone, 2-methyl-5-(1-methylethenyl)-, trans- $$ p-Menth-8-en-2-one, trans- $$ trans-2-methyl-5-(1-methylethenyl)-cyclohexanone $$ 5-ISOPROPENYL-2-METHYLCYCLOHEXANONE $$ (+)-Dihydrocarvone	38	152,12	005948-04-9	C:\Database\W10N11_Full.L	76851
28	11,977	2476	527668	32070	40274	0,024	1	Bicyclo[2.2.1]heptane, 7,7-dimethyl-2-methylene- $$ Norbornane, 7,7-dimethyl-2-methylene- $$ 7,7-DIMETHYL-2-METHYLENEBICYCLO[2.2.1]HEPTANE $$ .alpha.-FENCHEN $$ .alpha.-Fenchene $$ 7,7-dimethyl-2-methylene-norbornane $$ Fenchene	53	136,125	000471-84-1	C:\Database\W10N11_Full.L	48742
							2	4,7-Methano-1H-indene, octahydro- $$ 4,7-Methanoindan, hexahydro- $$ Octahydro-4,7-methano indene $$ Tricyclo[5.1.0-2.6]decane $$ Tetrahydrodicyclopentadiene $$ Bicyclo(2.2.1)heptane, 2,3-(1,3-propanediyl)- $$ Hexahydro-4,7-methanoindan $$ NSC 22464	53	136,125	006004-38-2	C:\Database\W10N11_Full.L	48342
							3	Ethyl (1R,4S)-1,7,7-trimethylbicyclo[2.2.1]heptan-2-yl carbonate	52	226,157	2000280-96-5	C:\Database\W10N11_Full.L	280965
29	12,044	2490	49450212	3163822	3171925	0,024	1	ortho-Methoxyacetophenone $$ 2-Methoxyacetophenone $$ o-Methoxyacetophenone $$ 2'-Methoxyacetophenone $$ o-Acetanisole $$ Ethanone, 1-(2-methoxyphenyl)- $$ o-Acetylanisole $$ Acetophenone, 2'-methoxy- $$ o-Methoxy acetophenone	97	150,068	000579-74-8	C:\Database\W10N11_Full.L	71385
							2	Ethanone, 1-(4-methoxyphenyl)- $$ 1-(4-METHOXYPHENYL)ETHANONE $$ 4'-Methoxyacetophenone $$ 4-Acetylanisole $$ 4-Methoxyacetofenon $$ 4-METHOXYACETOPHENON $$ 4-Methoxyacetophenone $$ 4-Methoxyphenyl methyl ketone $$ Acetanisole $$ EPENONE $$ Novatone	86	150,068	000100-06-1	C:\Database\W10N11_Full.L	71547
							3	(R)-(+)-1-(2-Methoxybenzoyl)-2-pyrrolidinemethanol $$ [1-(2-Methoxybenzoyl)-2-pyrrolidinyl]methanol #	72	235,121	2000308-51-6	C:\Database\W10N11_Full.L	308516
30	12,239	2531	6430679	269399	277194	0,034	1	2-Propen-1-ol, 3-phenyl- $$ (2E)-3-PHENYL-2-PROPEN-1-OL $$ (E)-3-phenyl-2-propen-1-ol $$ (E)-3-phenylprop-2-en-1-ol $$ (trans)-Cinnamyl Alcohol $$ (Z)-3-PHENYL-2-PROPEN-1-OL OR CIS-CINNAMYL ALCOHOL $$ .gamma.-Phenylallyl alcohol $$ ALKOHOL SKORICOVY	95	134,073	000104-54-1	C:\Database\W10N11_Full.L	44506
							2	2-Propenoic acid, 3-phenyl-, methyl ester $$ Cinnamic acid, methyl ester $$ Methyl cinnamate $$ Methyl cinnamylate $$ Methyl 3-phenylpropenoate $$ Methyl 3-phenyl-2-propenoate $$ Methyl 3-phenylacrylate $$ Methyl ester of cinnamic acid $$ NSC 9411	66	162,068	000103-26-4	C:\Database\W10N11_Full.L	98212
							3	1,3-Benzodioxole, 5-(2-propenyl)- $$ Benzene, 4-allyl-1,2-(methylenedioxy)- $$ (1,2-(METHYLENEDIOXY)-4-ALLYL)BENZENE $$ (Allyldioxy)benzene methylene ether $$ 1,3-BENZODIOXOL, 5-(2-PROPENYL)- $$ 1,3-BENZODIOXOLE, 5-ALLYL- $$ 4-ALLYLPYROCATECHOL	45	162,068	000094-59-7	C:\Database\W10N11_Full.L	98581
31	12,525	2591	535476	25690	33031	0,029	1	Cyclohexasiloxane, dodecamethyl- $$ Dodecamethylcyclohexasiloxane $$ 2,2,4,4,6,6,8,8,10,10,12,12-Dodecamethylcyclohexasiloxane #	91	444,113	000540-97-6	C:\Database\W10N11_Full.L	816767
							2	METHYL 2,3-BIS(TRIMETHYLSILYLOXY)-5-DEUTEROPHENYLPROPIONATE	38	341,159	2000629-66-7	C:\Database\W10N11_Full.L	629667
							3	Trimethylsilyl)-{bis[methyl(trimethylsilyloxy)silyloxy] -oxytrimethylsilane}	38	458,165	2000830-51-9	C:\Database\W10N11_Full.L	830519
32	12,754	2639	409709	18958	25941	0,031	1	Benzoic acid, 2-methoxy-, methyl ester $$ 2-methoxy-benzoic acid $$ 2-methoxy-benzoic acid methyl ester $$ DIMETHYL DERIVATIVE OF SALICYLIC ACID $$ DIMETHYL SALICYLATE $$ METHOXY METHYLBENZOATE, O- $$ methyl 2-methoxy-benzoate $$ METHYL ANISATE	91	166,063	000606-45-1	C:\Database\W10N11_Full.L	107478
							2	ortho-Methoxyacetophenone $$ 2-Methoxyacetophenone $$ o-Methoxyacetophenone $$ 2'-Methoxyacetophenone $$ o-Acetanisole $$ Ethanone, 1-(2-methoxyphenyl)- $$ o-Acetylanisole $$ Acetophenone, 2'-methoxy- $$ o-Methoxy acetophenone	64	150,068	000579-74-8	C:\Database\W10N11_Full.L	71385
							3	2-Methoxybenzoic acid, 2,5-dichlorophenyl ester	59	296,001	2000502-43-9	C:\Database\W10N11_Full.L	502439
33	12,825	2654	1374406	80160	87030	0,027	1	Caryophyllane $$ (1R,9R)-2,6,10,10-tetramethylbicyclo[7.2.0]undecane	64	208,219	2000225-57-3	C:\Database\W10N11_Full.L	225573
							2	salvialane	43	208,219	000000-00-0	C:\Database\W10N11_Full.L	225497
							3	Cyclopenten-4-one, 1,2,3,3-tetramethyl- $$ 2,2,3,4-tetramethyl-1-cyclopent-3-enone $$ 2,2,3,4-TETRAMETHYL-3-CYCLOPENTEN-1-ONE $$ 2,2,3,4-tetramethylcyclopent-3-en-1-one $$ CYCLOPENTEN-4-ON, 1,2,3,3-TETRAMETHYL-	30	138,104	2000051-19-0	C:\Database\W10N11_Full.L	51190
34	13,325	2759	219693	12487	22732	0,029	1	3-Methylene-bicyclo[3.2.1]oct-6-en-8-ol $$ 3-methylene-8-bicyclo[3.2.1]oct-6-enol $$ 3-methylidenebicyclo[3.2.1]oct-6-en-8-ol	41	136,089	2000047-69-5	C:\Database\W10N11_Full.L	47695
							2	Cyclohexene, 1-methyl-4-(1-methylethylidene)- $$ p-Mentha-1,4(8)-diene $$ 1-METHYL-4-(1-METHYLETHYLIDENE)-1-CYCLOHEXENE $$ .alpha.- TERPINOLEN $$ .alpha.-TERPINOLENE $$ 1,4(8)-P-MENTHADIENE $$ 1,4(8)-TERPADIENE $$ iso-terpinene $$ NOFMER TP	38	136,125	000586-62-9	C:\Database\W10N11_Full.L	48371
							3	1-Methyltricyclo[2.2.1.0(2,6)]heptane	38	108,094	004601-85-8	C:\Database\W10N11_Full.L	16370
35	13,411	2777	4311345	248254	259913	0,029	1	2-Propenoic acid, 3-phenyl-, methyl ester $$ Cinnamic acid, methyl ester $$ METHYL (2E)-3-PHENYL-2-PROPENOATE $$ (E)-3-phenyl-2-propenoic acid, methyl ester $$ (E)-3-phenylacrylic acid methyl ester $$ (E)-Methyl cinnamate $$ MC $$ methyl cinnamate	97	162,068	000103-26-4	C:\Database\W10N11_Full.L	98203
							2	2-Propenoic acid, 3-phenyl-, methyl ester, (Z)- $$ Cinnamic acid, methyl ester, (Z)- $$ (Z)-3-phenyl-2-propenoic acid, methyl ester $$ (Z)-3-phenylacrylic acid methyl ester $$ (Z)-ZIMTSAEURE, METHYLESTER $$ cis-cinnamic acid methyl ester	96	162,068	019713-73-6	C:\Database\W10N11_Full.L	98227
							3	(Z)-3-phenyl-2-propenoic acid, methyl ester $$ (Z)-3-phenylacrylic acid methyl ester $$ (Z)-ZIMTSAEURE, METHYLESTER $$ 2-PROPENOIC ACID, 3-PHENYL-, METHYL ESTER, (Z)- $$ CINNAMIC ACID, METHYL ESTER, (Z)- $$ cis-cinnamic acid methyl ester	91	162,068	2000098-22-8	C:\Database\W10N11_Full.L	98228
36	13,725	2843	241860	25322	40903	0,017	1	1,1-Dodecanediol, diacetate $$ 1-(Acetyloxy)dodecyl acetate #	62	286,214	056438-07-4	C:\Database\W10N11_Full.L	472953
							2	1-Dotriacontanol $$ dotriacontan-1-ol $$ Dotriacontanol $$ n-Dotriacontanol $$ NSC 53834	58	466,511	006624-79-9	C:\Database\W10N11_Full.L	838743
							3	Oxirane, tetradecyl- $$ Hexadecane, 1,2-epoxy- $$ Hexadecylene oxide $$ 1,2-Epoxyhexadecane $$ 1,2-Hexadecane oxide $$ 1,2-Hexadecene epoxide $$ Hexadecene epoxide $$ NCI-C55538 $$ HEXADECAN, 1,2-EPOXI- $$ 2-Tetradecyloxirane $$ AI3-32877	53	240,245	007320-37-8	C:\Database\W10N11_Full.L	327063
37	13,768	2852	472789	30807	45622	0,025	1	Benzene, 1,3,5-trimethoxy- $$ Phloroglucinol trimethyl ether $$ 1,3,5-Trimethoxybenzene $$ 1,3,5-Trimethyoxybenzene	93	168,079	000621-23-8	C:\Database\W10N11_Full.L	112720
							2	3,5-Dimethoxybenzyl alcohol $$ Benzenemethanol, 3,5-dimethoxy- $$ 3,5-Dimethoxybenzenemethanol $$ (3,5-Dimethoxyphenyl)methanol #	83	168,079	000705-76-0	C:\Database\W10N11_Full.L	112569
							3	1(2H)-Acenaphthylenone $$ 1-Acenaphthenone $$ Acenaphthenone $$ 2-Acenaphthenone $$ NSC 18756	58	168,058	002235-15-6	C:\Database\W10N11_Full.L	114922
38	14,354	2975	170687	13189	21308	0,022	1	5,9-Undecadien-2-one, 6,10-dimethyl-, (E)- $$ trans-Geranylacetone $$ Acetone, geranyl- $$ Geranyl acetone $$ (5E)-6,10-Dimethyl-5,9-undecadien-2-one # $$ 6,10-dimethyl-5,9-undecadien-2-one, (E) $$ 6,10-dimethyl-(E)-5,9-undecadien-2-one	38	194,167	003796-70-1	C:\Database\W10N11_Full.L	182914
							2	5,9-Undecadien-2-one, 6,10-dimethyl-, (Z)- $$ cis-Geranylacetone $$ Nerylacetone $$ (5Z)-6,10-Dimethyl-5,9-undecadien-2-one # $$ cis-6,10-dimethyl-5,9-undecadien-2-one	35	194,167	003879-26-3	C:\Database\W10N11_Full.L	182927
							3	5,9-Undecadien-2-one, 6,10-dimethyl- $$ 6,10-Dimethyl-5,9-undecadien-2-one $$ 6,10-Dimethyl-undeca-5,9-dien-2-one $$ Dihydropseudoionone $$ .alpha.,.beta.-Dihydropseudoionone $$ NSC 406679 $$ 2,6-Dimethylundeca-2,6-dien-10-one	27	194,167	000689-67-8	C:\Database\W10N11_Full.L	182913
39	14,611	3029	1861004	107505	117623	0,026	1	Cyclododecane	97	168,188	000294-62-2	C:\Database\W10N11_Full.L	115015
							2	1-Dodecene $$ .alpha.-Dodecene $$ n-Dodec-1-ene $$ Adacene 12 $$ Dodec-1-ene $$ .alpha.-Dodecylene $$ Dodecylene .alpha.- $$ Dodecene-1 $$ Neodene 12 $$ NSC 12016	96	168,188	000112-41-4	C:\Database\W10N11_Full.L	114996
							3	1-Decene $$ n-1-Decene $$ Dec-1-ene $$ 1-C10H20 $$ Decylene $$ .alpha.-Decene $$ 1-n-Decene $$ Decene-1 $$ Neodene 10 $$ NSC 62122 $$ Linealene 10	95	140,157	000872-05-9	C:\Database\W10N11_Full.L	55283
40	14,939	3098	1129305	54819	61753	0,031	1	Naphthalene, 1,2,3,5,6,7,8,8a-octahydro-1,8a-dimethyl-7-(1-methylethenyl)-, [1S-(1.alpha.,7.alpha.,8a.alpha.)]- $$ Eremophila-1(10),11-diene $$ Eremophilene $$ 3-Isopropenyl-4a,5-dimethyl-1,2,3,4,4a,5,6,7-octahydronaphthalene #	90	204,188	010219-75-7	C:\Database\W10N11_Full.L	212401
							2	.alpha.-Guaiene $$ Azulene, 1,2,3,4,5,6,7,8-octahydro-1,4-dimethyl-7-(1-methylethenyl)-, [1S-(1.alpha.,4.alpha.,7.alpha.)]- $$ Guaia-1(5),11-diene $$ 7-Isopropenyl-1,4-dimethyl-1,2,3,4,5,6,7,8-octahydroazulene-, [1S-(1.alpha.,4.alpha.,7.alpha.)]-	86	204,188	003691-12-1	C:\Database\W10N11_Full.L	211691
							3	Azulene, 1,2,3,3a,4,5,6,7-octahydro-1,4-dimethyl-7-(1-methylethenyl)-, [1R-(1.alpha.,3a.beta.,4.alpha.,7.beta.)]- $$ 1.beta.,4.beta.H,10.beta.H-Guaia-5,11-diene $$ .gamma.-Gurjunene $$ 7-Isopropenyl-1,4-dimethyl-1,2,3,3a,4,5,6,7-octahydroazulene #	70	204,188	022567-17-5	C:\Database\W10N11_Full.L	211809
41	15,02	3115	177587	12359	26484	0,024	1	Amine, dimethyl-2-phosphinoethyl- $$ N,N-Dimethyl-2-phosphinoethanamine #	72	105,071	161944-90-7	C:\Database\W10N11_Full.L	14751
							2	1-Octadecanamine, N,N-dimethyl- $$ (Hydrochloride salt) dimantine $$ ADMA 18 $$ ADOGEN 342D $$ ADOGEN MA-108 SF $$ AMINE 2M18D $$ ARMEEN DM 18D $$ ARMINE DM18D $$ BARLENE 18S $$ CRODAMINE 3.A18D $$ DIMANTHINE $$ DIMANTINA $$ DIMANTINE $$ DIMANTINUM	64	297,34	000124-28-7	C:\Database\W10N11_Full.L	507919
							3	4-Pentenylamine, N,N-dimethyl- $$ 4-PENTENYLAMIN, N,N-DIMETHYL- $$ N,N-Dimethyl-4-penten-1-amine $$ N,N-Dimethyl-4-penten-1-amine (computer-generated name) $$ DIMETHYL-PENT-4-ENYL-AMINE $$ N,N-DIMETHYL-N-(4-PENTENYL)AMINE	64	113,12	001001-91-8	C:\Database\W10N11_Full.L	20594
42	15,096	3131	11035044	749952	768835	0,025	1	(3E,6E)-3,7,11-TRIMETHYL-1,3,6,10-DODECATETRAENE $$ (3E,6E)-3,7,11-trimethyldodeca-1,3,6,10-tetraene $$ (E)-FARNESENE $$ (E,E)-.alpha.-FARNESENE $$ .alpha.-FARNESENE $$ .alpha.-FARNESENE, (E,E)- $$ .alpha.-FARNESENE, (Z,E)- $$ .beta.-(E)-FARNESENE	99	204,188	000502-61-4	C:\Database\W10N11_Full.L	211781
							2	1,3,6,10-Dodecatetraene, 3,7,11-trimethyl-, (Z,E)- $$ (Z,E)-.alpha.-Farnesene $$ (3Z,6E)-3,7,11-Trimethyl-1,3,6,10-dodecatetraene $$ .alpha.-(Z,E)-Farnesene $$ (3Z,6E)- .alpha.-Farnesene $$ cis,trans-.alpha.-Farnesene	74	204,188	026560-14-5	C:\Database\W10N11_Full.L	211768
							3	(E,E)-.alpha.-farnesene $$ (3E,6E)-3,7,11-TRIMETHYL-1,3,6,10-DODECATETRAENE $$ (3E,6E)-3,7,11-trimethyldodeca-1,3,6,10-tetraene $$ (E)-FARNESENE $$ .alpha.-FARNESENE $$ .alpha.-FARNESENE, (E,E)- $$ .alpha.-FARNESENE, (Z,E)- $$ .beta.-(E)-FARNESENE	70	204,188	2000211-78-3	C:\Database\W10N11_Full.L	211783
43	16,039	3329	27879293	1802414	1815207	0,024	1	Benzoic acid, 3,5-dimethoxy-, methyl ester $$ Methyl 3,5-dimethoxybenzoate $$ 3,5-Dimethoxybenzoic acid methyl ester $$ 3,5-Dihydroxybenzoic acid, dimethyl ether, methyl ester	99	196,074	002150-37-0	C:\Database\W10N11_Full.L	186943
							2	Benzoic acid, 3,4-dimethoxy-, methyl ester $$ Veratric acid, methyl ester $$ 3,4-dimethoxy-benzoic acid, methyl ester $$ METHYL (3,4-DIMETHOXYPHENYL)-METHANOATE $$ methyl 3,4-dimethoxy-benzoate,3,4-dimethoxy-benzoic acid, methyl ester $$ AI3-20957	86	196,074	002150-38-1	C:\Database\W10N11_Full.L	186601
							3	2,3-Epoxy-1,2,3,4-tetrahydroanthracene $$ 1a,2,9,9a-tetrahydroanthra[2,3-b]oxirene	83	196,089	2000189-48-6	C:\Database\W10N11_Full.L	189486
44	16,273	3378	4098421	154740	169185	0,036	1	2-methyl-propanoic acid, 2,2-dimethyl-1-(1-methylethyl)-1,3-propanediyl ester $$ 2-methyl-propanoic acid, 2,2-dimethyl-1-(1-methylethyl)-1,3-propanediyl ester **(Discontinued Registry Number: [53490-81-6]) $$ 2,2,4-TRIMETHYL-1,3-PENTANEDIOL ESTER	72	286,214	006846-50-0	C:\Database\W10N11_Full.L	473065
							2	Furan, 2-butyltetrahydro- (CAS) $$ Octane, 1,4-epoxy- $$ 2-Butyltetrahydrofuran $$ 2-N-BUTYLTETRAHYDROFURAN $$ EINECS 213-718-6	58	128,12	001004-29-1	C:\Database\W10N11_Full.L	36798
							3	4-Hexen-3-ol, 2-methyl- $$ 2-Hexen-4-ol, 5-methyl- $$ 2-Methyl-4-hexen-3-ol	53	114,104	004798-60-1	C:\Database\W10N11_Full.L	22331
45	16,577	3442	242026	14285	32542	0,026	1	Heneicosane $$ HENICOSANE $$ n-hen-eicosane $$ n-heneicosanene $$ n-Henicosane $$ AI3-36479 $$ EINECS 211-118-9	50	296,344	000629-94-7	C:\Database\W10N11_Full.L	505656
							2	Docosane $$ C22H46 STANDARD $$ n-docosane $$ n-docosane n-ALKANE $$ n-docosanene - $$ NORMAL-DOCOSANE $$ EINECS 211-121-5 $$ NSC 77139	50	310,36	000629-97-0	C:\Database\W10N11_Full.L	548197
							3	Octacosane $$ n-octacosane $$ n-octacosanene $$ trace component of sherd of industrial ceramic EUM 526 from Chrysokamino, Crete, Greece, EM III ?, at RT = 38.25n-octacosanen-ALKANE $$ AI3-52615 $$ CCRIS 680 $$ EINECS 211-125-7 $$ NSC 5549	47	394,454	000630-02-4	C:\Database\W10N11_Full.L	748113
46	17,187	3570	396811	14440	29789	0,038	1	2-methyltetracosane	41	352,407	2000661-80-6	C:\Database\W10N11_Full.L	661806
							2	Eicosane $$ ICOSANE $$ EICOSAN $$ n-eicosane $$ n-eicosanen-icosane $$ n-icosane $$ AI3-28404 $$ CCRIS 663 $$ EINECS 204-018-1 $$ NSC 62789	41	282,329	000112-95-8	C:\Database\W10N11_Full.L	461671
							3	Tetradecane, 2,6,10-trimethyl- $$ 2,6,10-trimethyl-tetradecane	38	240,282	014905-56-7	C:\Database\W10N11_Full.L	327245
47	17,306	3595	179309	11491	30233	0,022	1	Eicosane $$ ICOSANE $$ EICOSAN $$ n-eicosane $$ n-eicosanen-icosane $$ n-icosane $$ AI3-28404 $$ CCRIS 663 $$ EINECS 204-018-1 $$ NSC 62789	43	282,329	000112-95-8	C:\Database\W10N11_Full.L	461671
							2	Sulfurous acid, butyl hexadecyl ester	43	362,285	2000683-79-8	C:\Database\W10N11_Full.L	683798
							3	Sulfurous acid, butyl tetradecyl ester	43	334,254	2000615-08-2	C:\Database\W10N11_Full.L	615082
48	17,411	3617	4249823	264789	293339	0,027	1	2-Hexene, 3,5,5-trimethyl- (CAS) $$ (2E)-3,5,5-Trimethyl-2-hexene $$ (2E)-3,5,5-Trimethyl-2-hexene (computer-generated name) $$ (2E)-3,5,5-TRIMETHYL-2-HEXENE # $$ 3,5,5-TRIMETHYL-2-HEXENE	43	126,141	026456-76-8	C:\Database\W10N11_Full.L	34337
							2	2-Hexene, 2,5,5-trimethyl- $$ 2,5,5-TRIMETHYL-2-HEXENE $$ 2,5,5-trimethylhex-2-ene	38	126,141	040467-04-7	C:\Database\W10N11_Full.L	34271
							3	Bis-(3,5,5-trimethylhexyl) ether $$ 3,5,5-trimethyl-1-[(3,5,5-trimethylhexyl)oxy]hexane	38	270,292	2000423-71-2	C:\Database\W10N11_Full.L	423712
49	17,463	3628	78729	8566	40885	0,015	1	Sulfurous acid, butyl undecyl ester	47	292,207	2000490-82-5	C:\Database\W10N11_Full.L	490825
							2	Octadecane $$ n-octadecane $$ OCTADECAN $$ AI3-06523 $$ CCRIS 681 $$ EINECS 209-790-3 $$ NSC 4201	47	254,297	000593-45-3	C:\Database\W10N11_Full.L	371971
							3	Dodecane $$ ACETIC ACID 3-HYDROXY-7-ISOPROPENYL-1,4A-DIMETHYL-2,3,4,4A,5,6,7,8-OCTAHYDRO-NAP $$ ADAKANE 12 $$ BIHEXYL $$ CH3(CH2)10CH3 $$ DIHEXYL $$ DODECAN $$ DUODECANE $$ ISODODECANE $$ N-DODECAN $$ N-DODECANE $$ n-Dodecane from 1-Dodeccene	43	170,203	000112-40-3	C:\Database\W10N11_Full.L	120436
50	17,506	3637	919723	57407	87309	0,024	1	2,2,4,4-Tetramethyloctane $$ 2,2,4,4,-Tetramethyloctane	53	170,203	062183-79-3	C:\Database\W10N11_Full.L	120446
							2	.DELTA. UNDECALACTONE $$ .beta.-UNDECALACTONE $$ .delta.-hexyl-.delta.-valerolactone $$ .delta.-Hexylvalerolactone $$ 2H-PYRAN-2-ONE, 6-HEXYLTETRAHYDRO- $$ 2H-PYRAN-2-ONE, TETRAHYDRO-3-HEXYL- $$ 5-HEXYL-5-HYDROXYPENTANOIC ACID LACTONE $$ AI3-36029	43	184,146	000710-04-3	C:\Database\W10N11_Full.L	155199
							3	Sulfurous acid, 2-ethylhexyl isobutyl ester	38	250,16	2000355-86-3	C:\Database\W10N11_Full.L	355863
51	18,477	3841	728213	46945	58350	0,023	1	Octane, 2,6-dimethyl- $$ 2,6-Dimethyloctane	50	142,172	002051-30-1	C:\Database\W10N11_Full.L	59287
							2	Octane, 3,6-dimethyl- $$ 3,6-Dimethyloctane	38	142,172	015869-94-0	C:\Database\W10N11_Full.L	59198
							3	UNDECANE, 2,5-DIMETHYL- $$ 2,5-DIMETHYLUNDECANE	37	184,219	017301-22-3	C:\Database\W10N11_Full.L	156096
52	19,116	3975	2036243	135515	148022	0,023	1	2-Pentadecanone, 6,10,14-trimethyl- $$ 2-PENTADECANON, 6,10,14-TRIMETHYL- $$ 2-PENTADECANONE, 6,10,14-TRIMETHYL-, (6R,10R)- $$ 2-PENTADECANONE, 6,10,14-TRIMETHYL-, [R-(R*,R*)]- $$ 6,10,14-Trimethyl-2-pentadecanone $$ hexahydro-farnesyl-acetone	91	268,277	000502-69-2	C:\Database\W10N11_Full.L	417087
							2	2-Tridecanone $$ Mathyl undecyl kepoje $$ Methyl undecyl ketone $$ Tridecan-2-one $$ 2-Tridecankje $$ Methyl n-undecyl ketone $$ Tridecanone-2	59	198,198	000593-08-8	C:\Database\W10N11_Full.L	194920
							3	2-Nonanone $$ .beta.-NONANONE $$ 4-METHYL-2-(3,7,11-TRIMETHYL-DODECA-2,4,6,8,10-PENTAENYLIDENEAMINO)-PENT-4-ENENI $$ HEPTYL METHYL KETONE $$ KETONE, HEPTYL METHYL $$ METHYL HEPTYL KETONE $$ METHYL N-HEPTYL KETONE $$ N-C7H15COCH3 $$ NONAN-2-ONE	50	142,136	000821-55-6	C:\Database\W10N11_Full.L	59008
53	19,425	4040	957185	58297	68222	0,026	1	Phthalic acid, isobutyl nonyl ester	78	348,23	2000651-52-4	C:\Database\W10N11_Full.L	651524
							2	Phthalic acid, butyl 2-methoxyethyl ester	78	280,131	2000452-95-4	C:\Database\W10N11_Full.L	452954
							3	Dibutyl phthalate $$ 1,2-Benzenedicarboxylic acid, dibutyl ester $$ Phthalic acid, dibutyl ester $$ n-Butyl phthalate $$ Butyl phthalate $$ Celluflex DPB $$ Elaol $$ Genoplast B $$ Hexaplas M/B $$ Palatinol C $$ Polycizer DBP $$ PX 104 $$ Unimoll DB	78	278,152	000084-74-2	C:\Database\W10N11_Full.L	447155
